Country,1990,1991,1992,1993,1994,1995,1996,1997,1998,1999,2000,2001,2002,2003,2004,2005,2006,2007,2008,2009,2010,2011,2012,2013,2014,Change_gender,Change_internet
Afghanistan,,,,,,,,,,,,,30.179384014793662,34.76495068123242,29.126402720273976,35.686955160658506,37.23035010954978,36.89484084299599,37.78309475930463,38.57130898538347,39.34104467123265,40.47591060891703,40.71588196221511,40.1107167270159,39.9576792656386,,
Albania,48.07610811432019,,,,,47.93367148137983,48.001169237106005,48.06772672182115,,48.14256856233095,48.269543758318655,48.57985727465331,47.81849978945611,48.101285849328995,48.21300111856358,48.0474839794096,48.11287668276364,48.075193337299226,47.85715001955338,47.606119389077605,47.56496323087806,47.424649911898356,47.22893082369795,47.1470157920934,47.317085632536276,-0.7590224817839157,60.1
Algeria,44.66127819660881,,,,45.6530212784429,45.868000695563936,46.115622228074066,46.29577618740918,,46.64600627344958,46.75741584324614,46.81502663658797,46.982844793227436,46.959571813915616,47.01849256705688,46.99787516186186,47.035943554036855,47.236418578760315,47.30873954465505,47.2870238057174,47.33513663643719,47.365335052312716,47.54498509092047,47.661307931806924,47.727582372433375,3.0663041758245626,18.09
Angola,48.0243505589141,,,,,,,,47.21466421589619,,,,,,,,,,46.12395615222296,45.842512578263516,44.73841131980625,38.91204807508868,,,,,
Antigua and Barbuda,,,,,,,,,,,,,,,,,,48.9065606361829,48.287493513233,48.33274210713019,47.33428114448196,47.67388300322432,48.21582320864823,,48.12229650019662,,
Argentina,49.09785644488375,,,,,,48.943713812982004,49.21389505974475,,49.241988901714166,49.08509686681537,49.09796120689829,49.08888700835292,49.050262154744985,48.97272537997085,48.92994689597896,48.99690949388625,49.05478233385607,49.01722835000161,48.99872446023345,48.79207132252095,48.811672193520224,48.80953334084695,48.891067263495856,,,
Armenia,,,,,50.551346231903665,50.268329224500796,50.28361153142305,50.83078745557703,,51.50639009466951,49.04606613202001,49.17471157445747,48.73989049239817,48.50162005812741,48.346996970237036,48.19135590376271,47.817319879508155,47.215906418076614,46.743706962352576,46.82959625593741,46.81149883617007,46.64413821352292,46.66570376254784,46.754788890627,46.81616929910116,,
Aruba,,,,,,,,,,48.856640281442395,48.60196480621829,48.64349300551081,48.24186991869919,47.984237647772055,47.884143348060874,48.34146341463415,48.8065447545717,48.58882659965204,48.53176188573712,48.64239742558327,48.90444309190505,48.3647936786655,49.606210621062104,48.39334897480363,48.16625916870416,,
Australia,48.599200012128684,48.60162419350821,48.638395772797736,48.647843030682516,48.667674650229905,48.64499332217545,48.65247712736227,48.64076681131314,48.65631076684144,48.67522639140612,48.63367421303066,48.63917843496248,,,,48.59217929642299,48.6096218346751,48.59936071541499,48.61558358954757,48.599623942180486,48.59298953805352,48.599639289528675,48.56894877344981,48.57571214392804,48.55812529311317,-0.04107471901551207,83.97490528779346
Austria,48.700293728167935,48.733421571540475,48.64184685588735,48.6414939515971,48.59811124969866,48.506541012106574,48.54674677033023,48.5014151919084,48.49121095017246,48.47328931495433,48.44663831175285,48.46064245461196,48.45944463418925,48.55101073910297,48.73995543793888,48.67317858343761,48.516013543751214,48.4355606495627,48.337521632962705,48.47405486103781,48.42034663048946,48.50023441019025,48.56539890810662,48.52026516945967,48.62456015611928,-0.07573357204865516,80.86963062314085
Azerbaijan,,,,,47.82895433332697,51.93556716057403,51.05486577862317,48.46710745802652,48.21290711785659,48.68247646685251,48.89078693282448,48.18842250922509,48.138292305898325,,,47.68111783727075,47.14304579347646,47.228766564451305,46.86519145475008,46.50662325953305,46.4420175640794,46.13016883711392,46.156397323181665,45.90044496896056,46.41516066972115,,
Bahrain,49.3125,,,,,49.00662251655629,48.86937098419877,48.66485537076678,48.80634097599179,48.72087232313701,48.89861039629439,48.852116312163915,48.69166142344276,48.9100834076227,48.936015863036225,48.71727151586454,48.777878088741765,,48.8209191022722,48.76473986475006,48.8026551492972,48.986435649949485,48.82542607093505,49.169525185051455,49.237038321484306,-0.07546167851569408,90.99998000000001
Bangladesh,44.779981891044926,,,,,,,,,,,,,,,50.12349349344042,50.35432372153954,50.742360022036536,50.505983618518265,50.1733891137091,50.50597788699264,50.41811747826488,,,,,
Barbados,49.039135923691966,,,,,,,,,48.9270732494353,48.89887640449438,49.12280701754386,49.222022740873726,48.93819883851955,48.90043445156089,49.211200503393414,48.69774275410712,49.260538434289764,49.021839030154496,49.047388568662825,49.15044794562867,48.64720778355325,,,48.87818241934722,-0.16095350434474653,76.67
Belarus,,,,,48.77087929404349,48.090523338048094,47.95127353266888,47.728,47.71433219456645,48.329570641830266,48.3602675861885,48.359780436452965,48.26447701826465,,,,48.07117062240303,48.240768147654315,48.51892333509981,48.48968545469609,48.60898389026149,48.622248099920576,48.679572460060264,48.70541061878223,48.71401338998815,,
Belgium,49.04726131727381,49.16343699782588,49.09046957152354,48.530293210732616,48.4872051705932,48.484097849392505,48.52193603627376,,,48.55414862848647,48.64037366460655,48.64818646204312,48.67235313960773,48.65766085095769,48.810417729092464,48.81475263343172,48.81210357965524,48.89891058435769,48.916175114453,48.87377443777568,48.86417833144975,48.83311460175909,48.771178413904565,48.91923830412609,48.897575908000334,-0.14968540927347362,84.99899326038162
Belize,,,,,,48.318566979697266,48.224928132376654,48.31206401791755,,48.474422815753734,48.25399660623381,,48.566284042313754,,48.69785288594987,48.39691921905786,48.637784725323804,49.02115688465837,48.61522483363465,48.699386269927224,48.67616334283001,48.5494929432211,48.7286633709542,48.351815570730224,48.15114086729001,,
Benin,33.90879619003902,,,,,,36.453920940067384,37.23453184980768,38.37562548912657,39.278642814804115,40.17721551568814,40.55876375438889,41.260741257358184,41.85299550605167,42.788758820533964,43.554023093146405,44.42032756051291,,45.52907729838503,46.02963841827625,46.46604472185867,46.55091343167972,46.89429554011661,47.10806184597034,47.34518335184899,13.436387161809968,5.3
Bhutan,,,,,,,,,,45.66020996599143,46.126545386170264,46.75751666591084,47.21366995073892,47.941983953008275,48.617490213002064,48.72307908866054,48.92834433846906,49.01739305235146,49.50895381715363,49.739071314382315,49.88629053447979,49.68025687380265,49.69568166402894,49.558582479414895,49.64639460198491,,
Bolivia,47.64913757526231,,,,,48.3201706118588,48.36938535036409,48.41579843626975,,48.69342000264382,48.729342644181756,48.75926024622928,48.79107502444268,48.90410941020734,48.98155059544976,,49.01106886779817,48.97738230504986,48.86451704434334,48.724765991037735,48.67999361828976,48.63205174608497,48.46597959047242,48.26972800742694,,,
Bosnia and Herzegovina,,,,,,,,,,,,,,,,,,48.77313883299799,48.66834875245304,48.911297056672446,48.85919518916421,48.63382540593063,48.63101668467171,48.61439259696791,48.60547872043124,,
Botswana,51.601673274171475,51.385486526645515,,,,50.09133133350122,49.9411541322353,49.88736083011655,,49.725094968602214,49.67605455728484,49.63378469028778,49.44730757023894,49.45970651621183,49.26587808647609,49.299039159636806,49.10915600589558,48.940989020716266,48.94830289121207,48.75277756783312,,,48.985200845665965,48.82890035728464,,,
Bulgaria,48.1913269727514,,,48.08772934445081,48.57155665875447,48.34746500002351,48.209372104921115,48.19217675258806,48.159037016669366,48.13128148331658,48.1189993789389,48.084869951731086,48.21404054734337,48.23521992937276,48.28162344337266,48.352337966395076,48.28837737369298,48.33921310691222,48.50000570991355,48.558850912044505,48.47583928708612,48.40485169707471,48.299732141442,48.292106041194444,48.341446453407514,0.1501194806561159,55.49
Burkina Faso,37.9818131460382,,,,,,39.205700468619604,,39.925368816149344,40.43114039439339,40.81827356365002,41.27889882402021,41.79195470658831,42.14563058835153,43.217535225605346,43.71276568120066,44.21277302633235,44.82551890846997,45.602399854456884,46.148963504292915,46.772024242661026,47.227740506372164,47.738233837351125,48.25085682289705,48.433245027802364,10.451431881764165,9.4
Burundi,44.58989276751084,45.62454694623999,44.968377548772736,44.98729814494552,,44.385745628113,45.786160572989324,45.648446487682534,44.876671453617334,44.128624705984066,44.423902324822464,44.39635592960694,43.94967515978908,44.60043425835802,45.429267063711684,46.185257590472766,47.65086943756571,48.179286363965645,48.72710396502811,49.16094167696686,49.6700562907159,50.104425107032526,50.302345563461266,50.36854413374465,50.67554429024123,6.085651522730387,1.38
Cambodia,,,,,,,,44.85183573607923,45.07603247286472,45.72121829739949,45.84559734425689,46.27290384518881,46.52233409486869,46.78279709376927,47.03349618260932,47.23993571202788,47.2963888082099,47.22081072928211,47.387343277766526,47.41394181658419,47.786714965322744,47.63875020399979,47.74581312570738,47.15295365524246,48.03557125643296,,
Cameroon,45.95450549529595,,,,,,,46.253408051068455,45.11364461764919,44.86586021417186,45.7436760281134,46.156452162323376,45.93020859511524,45.695675897607416,45.78868624520017,45.24647715866278,45.246461550263746,45.88013486918324,45.87267064545521,46.05534667477651,46.00207497957496,46.16697715842443,46.35875124817759,,46.75853745375986,0.8040319584639093,11.0
Canada,48.498933901918974,48.301598178897706,48.31321803672756,48.35355098148401,48.354249112490365,48.405056346001,48.40503663183211,,48.607422582539066,48.82731757129563,48.82927853954146,,,,48.607141840658834,48.631426727187645,48.64478783070183,48.661524872181275,48.68863150383919,48.719768998972754,48.755455433570326,48.74629604351052,48.798424806548155,48.81942908324781,,,
Chad,30.46333936708578,,,,,,,34.25186038075572,35.35294588811461,36.742617259492434,37.787437318495925,38.72207952661183,39.127406019090586,39.70473149482043,39.469805068456,40.133698459988295,40.249412643098346,40.88966380678669,41.09397134491417,41.19105675246304,42.01652548015958,42.587510234091724,42.84656569531242,43.01192123899197,,,
Chile,48.668453943115914,,48.524126572542016,48.589855515842515,,,48.38981714912889,48.451222356085154,,48.41611382391339,48.508074717197246,,48.504520078086514,48.47193350833189,47.931232228756656,47.961911756929744,47.95325605614938,47.834655634814894,47.768844949028555,47.85292632169374,48.364772269506894,48.2879890555477,48.29523012863904,48.310453778590386,48.329486304190524,-0.3389676389253893,72.35
China,45.881307028957984,,,46.598389677148624,46.822217427567615,47.06759263527612,47.29827389503188,47.49916566312921,47.60417977067156,,,47.601928150980335,47.343528077519025,47.1913030455763,,,46.78759861569993,46.631576559718674,46.4654576209901,46.353951375749766,46.23675379142715,46.1894406077853,46.19911455718662,46.33465457927131,46.33884128776609,0.45753425880810283,49.3
Colombia,52.591190531472044,,,,48.893743673810086,48.862915211010325,48.94358964346481,,,49.01095644155854,48.91316214577311,48.7591745278101,48.76025769031909,,48.66881420976062,48.48683255644262,48.61428687414915,48.77329627947297,48.835488938369956,48.8604064946451,48.501034027326014,48.07807980998898,48.096197413323395,48.26943637269548,48.09720946655736,-4.493981064914685,52.57
Comoros,40.77699963140435,,,,,,,,,45.34177245769366,45.362391753460145,,44.330322036173925,44.330322036173925,46.16362743114759,,,46.48959987753306,47.10435134770283,,,44.98644521464603,,47.654468906528216,,,
Congo,48.03177125347714,,,,,,48.08698887000935,47.00001001031062,,48.76271020904247,47.771592067961606,48.24193834956011,48.299063213564075,48.17539307605195,48.131492034156445,47.91965230435423,47.2423461532228,47.98746023014242,47.978684277983255,47.97337434474298,48.3280928898741,48.28505405628456,51.501103482266,,,,
Costa Rica,48.54057283349226,,48.59367072215417,48.599672548963,48.58866780000766,48.6088786419926,48.66959890320727,48.50068440601363,48.51530387793904,48.274402867010934,48.126898352569974,48.497198996201355,48.12917843701937,,48.30849836225371,48.25055756732775,48.34980660223734,48.385455114869245,48.4235699754682,48.370872635964375,48.37776527105755,48.42206796972548,48.47772477360932,48.53736006248373,48.63000308998152,0.0894302564892584,49.41
Croatia,,,,,,48.672768443285825,48.629563711578236,48.60615986623058,48.62386656381446,48.51550992862034,48.54583994695707,48.54731698340813,48.582920503781466,48.63440344992813,,48.717726608000895,48.64132109187258,48.68873005301715,48.73337868082679,48.64517314227978,48.67305257626066,48.560294969972745,48.63546844227703,,48.53841896790802,,
Cyprus,48.27008103088378,,48.083651148863744,48.21420241630774,48.330688523579894,48.34473830220085,48.137952366223324,48.408764534210405,,48.396837255634416,48.50200150112585,48.54565740056885,48.62438595665207,48.633645097664946,48.75022274060035,48.66687347951736,48.75397755819796,48.60084797092671,48.75261888413528,48.56278095169869,48.58044739627048,48.5111548435747,48.58674823113208,48.61750725924282,48.5723427883077,0.3022617574239206,69.33
Czech Republic,48.83848952470349,,,48.99858156028369,48.78261160167245,48.6736718620938,48.49161206710346,48.679813670720186,48.63479348733187,48.50369206934643,48.56083205676046,48.44358470222617,48.35329713187037,48.28259330969446,48.33728193784784,48.3144436202223,48.43841451690265,48.45598720885009,48.44846368441767,48.50440621430402,48.52716156225114,48.52618024101326,48.63755281066917,48.683889489821645,48.68148676199,-0.15700276271348912,79.71
Denmark,48.93332686085991,48.956260818710014,48.96460198639855,49.000312064538655,48.99990508819144,49.06788293424553,48.76325403189878,,48.694282791259916,48.65265514105689,48.63390396072848,48.67784878874378,48.71376789778543,,48.68582154614274,48.70261746473703,48.737713237115585,48.737713237115585,48.865497076023395,48.84044640968762,48.83474156055377,48.69893608208884,48.64768403542726,48.621711871337055,48.57749142216632,-0.3558354386935889,95.89272273235501
Dominica,48.82584712371946,,,,,49.623821968797024,,,,48.289604782464295,48.30983523016817,48.31146106736658,48.024399126001455,48.30783938814532,48.3387358184765,48.68128376231331,48.66472172351885,48.46696748814069,48.70354881108854,48.77900619608796,48.93094126320963,49.11526173507004,48.60019646365422,48.668959368233345,49.17478882391163,0.34894170019217086,62.86
Ecuador,,,,48.89440207212472,49.009464212393986,49.007766819857494,48.983228077726366,48.96593106983897,48.99904671115348,49.112908575357494,49.008112515710856,49.11961781224106,49.07986135629535,49.06048659976402,49.01815129682635,48.9798881070712,48.93646925135689,48.99650249513527,,49.393256524478154,49.02584865033606,48.99100602426677,49.01819040311633,49.14196738510619,49.02437431833406,,
Egypt,44.611018396424754,,,45.19883883796624,44.79675408687807,45.737284559440276,41.990951774153544,45.44421620070126,45.50970873786408,46.689866600381144,46.907098192535805,47.15847328399738,47.37107426159704,47.60758659681587,47.87271800796632,47.33599501528029,47.40855437455224,47.59621396528557,,47.791598248402764,47.85333866811457,47.40263257097938,48.1876955980922,48.28475148310691,48.42061892356509,3.809600527140333,31.7
El Salvador,,,,,,,48.65199948147434,48.65434740239574,,48.16726018404536,47.974400391116845,48.13505168700943,47.815072959148544,48.195351235805994,48.23436012950927,48.16898202172391,48.17350980581586,49.094685691057364,48.156813024819,48.09418343497411,47.797762326465374,47.8070482224006,47.79266566068667,47.809244134471264,47.87778797312375,,
Ethiopia,39.475639448969915,,,,,37.02005589613076,36.044038167279474,35.6732824412243,36.6648209127842,37.61231074804425,39.202487866537126,40.57234265561303,41.371720645502876,41.927351092223425,43.48198953210064,45.07210723962694,46.09650149782424,46.53180085716968,46.9194208650997,47.54018957805567,47.47312653219158,47.402809447971244,47.62088390024633,,47.369568804360895,7.893929355390981,2.9
Finland,48.772319420562525,48.72922037855842,48.791810438126284,48.793107401340514,48.7927611718838,48.77254677180317,48.89103959996774,48.88195268446862,48.79893355166134,48.80704174570081,48.781769970339866,48.844064771133496,48.85128932760694,48.82759885013279,48.83588445457217,48.866246709535474,48.93988090119529,48.88901677710728,48.761482136411836,48.76999102806933,48.74430934132427,48.69667115142572,48.67917464614321,48.706490793038526,48.80147598119204,0.029156560629516548,91.97891233045773
France,48.37213838234938,48.44901706207764,48.42455722265601,48.45158417577741,48.33529081471274,48.38475006993567,48.45221592593367,48.58693676236746,,48.55329067013638,48.579041126922995,48.56877533610811,48.59939192260814,48.580912053234094,48.62268605097752,48.49861411683256,48.47259074287099,48.49177762817284,48.47625821277303,48.526304585392076,48.52751301608094,48.735469791884896,48.82799001635385,48.75074412557363,48.737415698790414,0.36527731644103767,83.69722213841294
Georgia,,,,,,48.495234824418304,49.062594234495286,48.44319440893207,,48.73317288619714,48.71829248672709,49.489569462938306,49.61671025648064,48.88423639144498,48.243307478204486,48.2872196368066,48.83847677719024,47.16104627167191,47.03002264951087,46.92090253734089,47.067307193475756,47.03700720391961,46.664693902417795,46.720469960987394,46.8287485674432,,
Germany,,,48.9971646734837,48.56530848421613,48.56644074250828,48.5769716703643,48.54506848692221,48.523975965736405,48.48944208122463,48.50618188381562,48.52785624390875,48.540984487010846,48.541256074393985,48.59702815327007,48.621371301264055,48.68592822557814,48.679847021144376,48.657062137508554,48.610080224760345,48.62699321002583,48.6341250801543,48.60195646487682,48.646616618160685,48.53027260637378,48.53889174168352,,
Ghana,44.863816839432694,,,,,46.358427324024454,,,,46.95155805983232,47.16680086501312,47.43324226490018,47.450814519141026,48.40112540448193,47.425857960246546,47.92526871149561,48.49198629644714,48.5350697933004,48.55620882615971,48.55858628149531,,48.731019036722024,48.07933282554075,48.94636101641706,48.951823979294424,4.08800713986173,18.9
Greece,48.42863441190001,48.4694837296967,48.50396389990149,48.47299923129484,48.40065165033626,48.80271366144513,48.446170181572626,48.49380406110055,48.465328827273176,48.4420650190385,48.419139239407855,48.419382207837096,48.318307771570204,48.35749296068412,48.23997858529077,48.45103822884403,48.56506189139099,48.597130576153646,,,48.53751484114721,48.556874195472666,48.50804051432906,48.47806116167404,,,
Grenada,,,,48.75811143432535,47.563784549964566,47.36981348383968,48.84580746077641,49.19143825333505,,48.81350851775991,48.74520954382495,48.38487542256166,48.34848659224306,49.6083865525967,48.618749604905496,48.70728495182644,,48.72933809073036,47.696965328335615,47.45523755815593,47.98360535753495,,,47.73710225517454,48.304111476916006,,
Guatemala,,,,,,45.66718839452417,45.687448661679056,45.84028448076628,,46.086955568262745,46.795493217987534,46.9943024205963,47.24116367826857,,47.48525237360712,47.60621344552362,47.74579726499465,47.91316860598062,48.024634334103155,48.28786333886763,48.4993874089263,48.58691949091819,48.425271699799005,48.26143742727312,48.20042284592433,,
Guinea,30.936838846173693,,,,32.67075321328043,33.501612728531065,34.341046389608344,35.919117929936064,36.91658317672795,38.08462056179729,39.82026497254259,41.05395473177269,41.85416656225411,42.67665805276033,43.32640745763421,44.08453166912922,44.816213818660486,45.22834045762947,45.15507980631605,45.263782799699214,44.75541075649102,45.602717993234954,45.35100094447004,45.39574925757252,45.496724733035386,14.559885886861693,1.72
Honduras,49.624780456650164,,,,,49.510064557599904,49.85333068628068,49.778286273275675,,49.7034330709827,49.6187403634663,,,48.92276919622346,49.022315044720756,49.09417774432354,49.04831161038959,49.12756953759308,49.03873497350166,49.01012114888034,49.01169029197492,48.927787328143054,48.869971292117704,48.74285636739603,48.59266009415308,-1.032120362497082,19.08
Hungary,,48.724940805051304,48.704122980245934,,48.559445408644706,48.55365027371886,48.48276351535177,48.425346479489804,,48.40175481122666,48.437955388405136,48.44477385210957,48.449248218639156,48.48614155206858,48.44360851749849,48.27538954991279,48.287636645201005,48.24145272385723,48.31830887314012,48.39439295525147,48.41288865862994,48.4512531075724,48.4110031857892,48.364317475471246,48.4128034196733,,
India,40.6775042927774,,41.70142737600996,42.626747581119126,42.879851088357334,42.906395211613535,43.17113560089311,43.383977589501754,43.621774496967284,43.497262268783984,43.577277265544126,43.76866352368592,44.19225665124398,46.82275457772296,,,,46.93090001284642,47.592366929784156,47.88722408756427,47.78124575141842,47.96005848904661,48.06707452948563,49.948944687317365,,,
Indonesia,48.300946856378694,,,,48.41516972241045,48.32803022179736,48.33017805289936,48.33017931862268,,48.493037719465896,48.500184012298725,48.621862340049965,48.62112527953293,48.67858871108485,48.72238243148836,48.259998560536346,48.2369383840875,48.05619614652023,48.44783418794854,48.267587651016015,49.52884667007956,49.51250619609835,48.49679275637793,48.455038360833754,47.908694288307295,-0.39225256807139885,17.14
Ireland,48.89771683443972,48.832025185544225,48.70559785787888,48.60451586918797,48.5887683100424,48.61450510915185,48.635395674061506,48.60407435275757,,48.52901236190326,48.493677135829266,48.50490400503137,48.53962466391746,48.48107091314469,48.479728604636186,48.50218032859094,48.48522925206028,48.539833051723704,48.74486826405105,48.816048496706344,48.81101895734597,48.7199540145386,48.825891556337716,48.74679783541253,,,
Israel,49.43189385204887,49.50068655598552,48.93972820953804,48.85889195610674,48.75781873137148,,,,48.64716774095301,48.548531017062516,48.55159633266142,48.69252802247053,48.66537767800371,48.652809744092245,48.725661734858136,48.79161882495682,48.862690236399075,48.87300098045814,48.821568953684256,48.79810811429677,48.787625832276476,48.804658902640476,48.811097296096925,48.76019327906344,48.7713227008503,-0.6605711511985746,71.33922613377052
Italy,48.699999012774384,48.60303879435175,48.59998988104907,49.30003203174522,49.56362967073764,48.224216880692104,48.32003374846598,48.497237521875995,,48.472626546845945,48.624121356695426,48.47027242640296,48.14490228970422,48.40725228212692,48.44501453193305,48.31821198182623,48.31556553632752,48.31845823803698,48.323708082101554,48.338194653576394,48.38445636760111,48.31872947880225,48.380691473548055,48.43428265437055,,,
Jamaica,49.491922376947876,,,,,,,,,49.41849917107198,49.178667694670594,48.938799863620865,48.879494908449125,48.88718790539253,48.934153571234525,48.75295256593681,,48.98152060666858,48.86379863484478,48.726069774740445,48.621574324209526,48.83292128779194,49.045228256730645,48.33053350461697,48.45511474412192,-1.0368076328259548,40.5
Japan,48.794681005102,48.80992223118978,48.827623997958376,48.83324731039542,48.80561467829011,48.79855171313498,48.83554199004426,48.82299695680619,48.82185944498979,48.772665483773004,48.76427614260609,48.77669893984542,48.78022611934207,48.7941550666068,48.781290033391564,48.79868979655839,48.807914086540094,48.79653512252097,48.77916521600802,48.761612394789914,48.75133507314271,48.73988959016341,48.73672560652148,48.73981801063143,,,
Jordan,48.28359662869002,,,,,48.58889732942938,48.87957272461223,,49.14891796346444,48.83757812964636,48.841754341347986,,48.80765129037858,48.90263230868252,48.92122397135599,48.94819754902448,49.303190611044414,49.29429418275552,48.996035048215774,,48.636348662336914,48.64053042188949,48.523057723778244,,,,
Kazakhstan,50.54270939311665,,,,49.45316602603606,49.28635486509064,49.27145563164797,49.37807136177521,49.5859189191283,49.1792777644327,49.258226297669495,48.84607531159958,48.82141830390944,48.8537997598225,48.80483291002762,48.7875668718151,48.844779331730614,48.80645532265535,48.79662433487201,48.81279864055455,48.887223241213505,48.83953818946651,48.822807868242535,48.78382009544751,48.72090971787839,-1.8217996752382604,54.89
Kenya,48.904200473716394,,,,,49.329261805840204,,,,49.025891946992864,49.38302132850619,49.244916498830406,48.44374327142758,48.52072166667441,48.28319843242023,48.71799260859561,49.025631864214546,49.357877595697055,49.1981871677918,49.16483444865424,,,49.848859914629415,,49.78283893111057,0.8786384573941746,43.4
Kiribati,49.615881433136174,,,,,,,,49.085834709802356,48.68788386376326,47.665797061650416,49.111068629325175,48.70686744547235,48.335232307887075,49.57401832041509,49.37705324490175,48.896624603717285,49.79066226845978,50.10854059418222,50.0064242579982,,,,,49.43181818181818,-0.18406325131799406,12.25
Kuwait,,,,,,50.23768893222818,48.92590999781446,48.92313275546808,48.91643477527616,48.77264820210321,48.94494300266796,48.867549622045125,48.59594383775351,48.97634626369632,48.952113779530045,48.47356847741414,48.751616090609225,48.652966309978446,48.82746586899831,48.90465905584696,48.842714976161844,48.88639533636136,49.063314226159456,49.1349365257847,48.91897776985965,,
Latvia,,,,,,,48.24727532606754,48.24790491841285,48.34981247869076,48.33177755148223,48.44981062711701,48.557715268159896,48.431835538038854,48.20480074304125,48.05468724649281,47.8516990837867,47.911061475201784,47.76463801557543,47.76869946810781,48.08379144928044,48.46821648151569,48.555442164901294,48.53628427828234,48.59980191250844,48.682201652373436,,
Lesotho,54.72567911907904,,,,,,52.35780560983162,51.906640100841706,,51.67433436269527,50.63603939183678,50.202044784786764,50.07404435017723,50.02652890254119,49.70550971993565,49.634364091901546,49.6009226677337,49.43994532888715,49.41634830737222,49.58733924976375,49.08112308036667,48.85519553130602,48.95098116272368,49.102631073242954,49.02143981117231,-5.704239307906732,11.0
Liberia,,,,,,,,,,,41.91934356064346,,,,,,,,46.917780943049195,46.467163222280234,,46.91312817441374,,,46.92687034797954,,
Lithuania,,,,,,,48.392663930394974,48.21024275479506,,48.44829077533108,48.68434923297629,48.54571226080794,48.55339987744539,48.536029900513235,48.55771490341684,48.59175864140919,48.40581829785537,48.322833660144354,48.06106735239723,48.11886081423364,48.3039082787568,48.26744880213876,48.56942786091984,48.63062699490039,48.81653794570596,,
Madagascar,48.81024014727022,,,,,,48.937087157937405,,48.988007206787714,49.101676790484674,48.99704345518609,49.03020585048754,49.029798425348595,48.946255531283256,48.948304900979366,48.90526834830064,49.01795287579625,49.163809437936614,49.22205236296993,49.35625295300789,49.42926734051311,49.37493452485895,49.485522819746514,49.58280448714374,49.66747073451837,0.8572305872481465,3.7
Malawi,46.01338131507232,,,,,,,,,48.73106769265809,48.86357943254121,48.90193953551786,48.90498768877418,,50.28205543277826,50.236921547064576,50.47241284215715,50.43676237952086,50.221205730710636,50.2506529776983,50.441358411238475,50.5147720427507,50.43785634385275,50.32932138310173,50.31491861327428,4.301537298201957,5.83
Malaysia,48.63159609452154,,48.68562085704701,48.68853651872268,48.75608061659902,48.688772973529005,48.68667894461028,,,48.318017922413595,48.70417058688813,48.68436366537763,48.66652110379198,48.5951811786016,48.5865563326429,48.58151509927521,48.63425530929538,48.70013360617469,48.73301303028039,48.72571113270328,48.70222303314062,48.70381168994022,48.68010178286589,48.6740121791242,48.66896931880678,0.037373224285239814,67.5
Maldives,,,,,,48.31766305954704,48.36001561889887,48.18037029663547,47.92923611821249,48.88993923024983,48.64394330948559,48.39136431446506,48.065707335658395,47.78823920567033,47.64612954186414,47.80640367701692,47.66295417199196,47.839665804654864,47.827195106410095,48.05372132064913,47.78626678688369,48.29481853685232,48.081031686787306,48.57659167692429,48.32448824867324,,
Mali,36.97359634525084,,,,,,39.36029907942907,39.29462393217291,40.62349703027669,41.002987689468,42.02011656788727,41.65572665342038,42.34156055691223,42.68146681167122,43.11711630444354,43.41182665815793,44.0125616545309,44.412844592406564,44.83529407247357,45.134983039514246,45.48931386920618,45.84101711521039,45.94913468602654,,46.26997131027124,9.296374965020398,7.0
Malta,47.95493840501405,,,,,47.821745456620356,48.38545062795906,48.38582009385424,48.662828620855905,48.62519333218766,48.615043343743615,48.38055472711005,48.20429746003607,48.111005991800695,48.223023435488024,47.962562508447085,48.58930917640551,48.61715518791584,48.74495741819812,48.94625922023182,48.957374424654795,49.034267912772584,48.703695845886195,48.738110336081164,48.890827517447654,0.9358891124336068,73.17
Mauritania,41.5360117589417,,,,,,,46.95926389079896,47.758170073198286,48.39380513081202,48.38964426033241,48.17551437990224,48.76828278257629,49.16747168490952,49.426391297638546,49.99312466891336,49.82595446058759,49.998966463817965,50.310753069530996,50.43236036007938,50.37816414902245,50.59722823410004,50.53433625249285,50.46005557576812,50.62938054770882,9.093368788767123,10.7
Mauritius,49.41123418987424,,,,,,49.26518392474456,49.345837037503244,49.401172368874754,49.389837364876506,49.19215895058305,49.27545959652459,49.38610003624502,49.37044809282805,49.2822397921189,49.23277383014195,49.181543328363006,49.17358142653592,49.0069062862328,49.16300605484982,49.18591184685605,49.22373091635937,49.18070295862154,49.41015793284875,49.51018046980948,0.09894627993523386,41.44
Mexico,48.36163665709174,48.532377123967166,48.512734568947835,48.49854797028824,48.36202481780579,48.441389792731016,48.42204001548747,48.47980491615281,48.55562239154461,48.63827284346113,48.72589355138425,48.78495413360042,48.81406062405863,48.81512258945853,48.82130000912638,48.76350722329686,48.741452238219495,48.77750726548984,48.797998196629926,48.83168501776972,48.8726175120129,48.886633732545555,48.91364447720804,48.897676408574014,48.90756833355119,0.5459316764594462,44.39
Moldova,,,,,,49.00003719638451,,,,49.077390829985845,48.70634791608015,48.89769431031041,48.709770818949195,48.68408671760322,48.64587679917149,48.4765881656612,48.55166526335485,48.504933718728196,48.29836031001213,48.259945380376834,48.48757409859983,48.313300008668264,48.38335928165393,48.5001663267815,48.4770986851611,,
Mongolia,,,,,,50.56921818982326,50.26585471153628,50.595449052704396,50.431550354349206,50.212743959662156,50.197087290533105,50.11140570844447,49.97264339420869,,,,,49.425316180588645,49.246650505084226,49.1571788253551,48.97907039559654,48.919021679798526,48.785193153119444,48.762974403697015,48.957118797771734,,
Morocco,39.42797310447327,,,,,41.56110277583115,42.005316687919446,42.406783875640755,42.96702202649128,43.96693761301467,44.806021356522024,45.62883914627798,46.15091365045201,46.44023625528113,46.47575956062899,46.35571520906876,46.29176554472035,46.46473108469104,46.68899408039932,47.02520959523697,47.24494392047452,47.419409578805755,47.566402634447066,47.62554674746808,47.60013418882014,8.172161084346875,56.8
Mozambique,43.08048290057752,,,,,,,,,42.572621533214644,43.01648701559073,43.53832991670398,44.12885697549152,,45.32837200337417,45.71159439072808,46.22028625065417,46.44751425429821,46.73752339962103,47.16580327839116,47.26722987388089,47.43150978268525,47.49852538309717,47.57833809283064,47.721749240818255,4.641266340240733,5.94
Myanmar,48.14193349309161,,,,,,,,,49.11821324008065,,49.345117256082396,49.6256945445673,49.671621338323796,49.70253287991881,49.85956503761572,49.572517655392105,,49.62901423390735,49.34728241913091,49.513533317388294,,,,48.99145805632151,0.849524563229906,2.1
Namibia,52.00044571082918,,,,,49.865298651357065,49.889893805120074,50.04198572748499,49.87397739336789,50.10423542856547,50.02336724579775,49.982262321396675,50.0742373073968,49.91734162851665,49.95463694684342,49.81865323430596,49.803368204526876,49.5985426414136,49.49411146729766,49.373095448736855,49.26414699841342,,49.11759183928907,49.05065821344082,,,
Nepal,35.99634804586028,37.21278310840679,38.283921692682334,38.682155097351476,39.42685424991869,39.8902866949633,40.6469182827393,,,41.913445095905,42.62431639276526,44.09339939003353,44.79564398962222,45.3934701798363,45.39808311217053,46.27769665102995,47.40816448453005,48.310487194076536,48.87764831071853,49.460982583114074,50.07351043174753,50.37346858493896,50.42665671451436,50.472469969036595,50.65941505481873,14.66306700895845,15.44
Netherlands,49.62641428876397,49.649914696743686,49.429894304519124,49.67424717451481,48.46375456916388,48.474575986114004,48.42999728453443,48.4190328573738,48.41183594618923,48.32232336271866,48.32716894745034,48.32497556630404,48.29810989154428,48.22283777239709,48.16065919779519,48.20444604417875,48.226897058109806,48.293612771177855,48.3411290015192,48.43464759319364,48.578416788058874,48.626927260551305,48.63368981654386,48.62150854683827,48.62924586238732,-0.9971684263766463,92.83561305799735
New Zealand,48.38809924411743,,48.47487755526559,48.55348871770738,48.609444441094354,48.67858508382672,48.68399128980919,48.58586734308623,48.58214247281416,48.55679508403559,48.55863497934947,48.36470416165071,48.41812420821565,48.46791343332155,48.48270275475696,48.51988833623829,48.60351757361535,48.74813796264466,48.759765625,48.84662068489447,48.86051903630499,48.9429939340548,48.9096474622692,48.846398799835825,48.682975852706505,0.29487660858907816,85.5
Nicaragua,51.01061493295749,,,,49.978067083392084,50.06598333479381,49.98125111444425,49.91997860954318,49.8614307498576,49.36256784460724,49.43830007502054,49.3467116707178,48.92131285663386,48.73282090384451,48.58767438428718,48.41639253022731,48.40334255841922,48.49249289584916,48.44044683011751,,48.47268456121549,,,,,,
Niger,36.16067412796012,,,,,,37.5165107507115,38.15390712671803,38.68523954238536,39.176415518133055,39.34814646082908,39.5614303620682,39.759680520166576,40.14881202250021,40.33843758322424,40.78056042163195,41.04947014980379,41.48866658839818,42.672153781257336,43.143435887734526,43.79942216754361,44.16317744112292,44.58773192578375,44.7151968269854,45.03959339856769,8.878919270607568,1.95
Nigeria,43.19441791650906,,,,,,45.29036636288609,,,43.82962001080136,43.93096352744613,44.418428375110146,44.38571444872338,,44.73375955983288,44.88430974353113,45.35843590143315,45.98803495175885,46.135838100309364,46.34568144641463,46.66384580977279,,,,,,
Norway,48.782356728911786,48.71409550402027,48.755331976299445,48.83351059158723,48.78488749197293,48.71426660977769,48.74981293959196,48.79846590788793,,48.66125406066845,48.74239230118746,48.69124802157219,48.6907520171384,48.64152670485278,48.67571037019047,48.71593754945863,48.80539005771737,48.7030669975647,48.76590197516207,48.8221965512959,48.86806335072114,48.89578653211538,49.00000236210615,48.90386429894139,48.91610337225328,0.133746643341496,95.59270055181145
Oman,46.74864847366547,,,,,,48.040384302230905,47.949223445689285,47.918128580359536,47.914006027437196,47.96693419753399,48.21309669947521,48.34840335656738,48.4783356258597,,48.77499431310293,48.848340997873706,49.041288183177535,49.07582226793733,48.30103596579227,,48.949357367354466,49.205432245526275,50.501367365542386,51.243431373389456,4.494782899723987,70.22
Pakistan,33.50624392256308,,,,,,,,32.857142857142854,,,39.13312918859153,39.132984524167014,40.62615774786736,40.75836632980994,41.82714201173523,42.44712469538865,43.63643189709881,43.84476920714526,44.09895854992307,43.99662450280833,44.13688696482877,44.473215093856446,44.456209214713155,44.069728814946195,10.563484892383116,13.8
Panama,47.92733198298677,,,,,,,,,48.15841029946824,48.19159457353499,48.19362692866363,48.171724965706446,48.17183968678481,48.25596679671597,48.20063605423199,48.2591630525581,48.26234490425303,48.18212250088181,48.169540223363526,48.111637172367686,48.26289862587503,48.23510040546381,48.27936592403658,,,
Papua New Guinea,44.34735485735618,,,,,,44.780611527068494,45.136710411523396,,,44.88234548075532,44.73376007495498,44.397019825735576,44.64072845015062,44.86645565013485,44.358064461532386,44.3363081258807,,45.431657611184285,,,,45.90723562672228,,,,
Paraguay,48.27383022153809,,,,,,48.4629545076509,48.47921149287988,,48.22250785880117,48.214544385996135,48.23216229302631,48.23421744518579,48.29393772936834,48.35732040845608,48.40550538279107,48.36293863727354,48.299013217474574,48.25697154103649,48.253161348466406,48.08165463468583,48.13325093821951,48.25936115333131,,,,
Peru,,,,,,48.581692218872284,,,48.8177295251799,49.01018347919369,49.03408881348431,49.09706561960898,49.08294237325492,49.02048309137341,49.036600985245514,49.06016416010257,49.004226195857456,49.01415009896181,49.05273059518041,49.01334923162511,49.06009837134745,48.911624977834265,48.765583816202025,48.8618243249914,48.952144029632564,,
Philippines,48.506810155236906,,,,49.53767211206162,48.7799788028019,48.46845793076678,48.934367022249035,,48.90525305130388,,48.90812777950454,48.66531973805529,48.57856997749146,48.543310083682,48.61233145497191,48.5260537534344,48.49818298832807,48.46764135818146,48.300646111687136,,,,47.88757582184752,,,
Poland,48.332627792243564,48.41217595008523,48.281758425242785,48.4098558220606,48.44335785705369,48.540964491808715,48.55648356584091,48.269814177623594,48.413686478504054,48.316977123050464,48.41222012569899,48.495259453386616,48.53619436942841,48.589674395840525,48.594281175981166,48.58574543601425,48.57902706358906,48.54963337384599,48.49295113474416,48.47432997917946,48.505483599761426,48.594649076338975,48.755973467107296,48.75302020814851,,,
Portugal,47.7382811196125,47.59039570736835,47.80673295861663,47.68458907739304,47.500890291359276,47.619275974398924,47.562591308418654,,,47.729048576415764,47.726252657226425,48.40027696511113,47.842345209180294,47.51130396732789,47.52108174813706,47.625936745671474,47.63442164017519,47.4745437513103,47.423429539794896,47.955791744098796,48.049733134291735,48.07739267974582,48.083579119434276,47.912040343700625,47.74508262145458,0.006801501842076618,64.59
Qatar,,,,,,,,,,,48.19788101593332,48.766509245177296,47.938681814644774,48.315857566229894,48.49045921255987,48.68197339657956,48.789600575239334,48.74289273833349,49.02397501376035,48.891251698269244,48.756241335392176,48.73716902668843,48.9529105537151,49.165269988108726,48.95959269160693,,
Romania,48.69308820458079,,,48.693213367309646,48.69571892005446,48.70584959426575,48.68080844799853,48.65317780870813,48.57025706459716,48.5136320782993,48.46290088456576,48.346315994173395,48.28652168714403,48.26338530107276,48.349084515376425,48.37157771605543,48.43923056833263,48.485066390362476,48.30964833704164,48.36316636418774,48.326482538189914,48.26069480194004,48.23052436846925,,,,
Rwanda,50.062759725602625,,,,,,,50.237450293045875,,49.961161477462404,49.5784255586359,50.00318520546608,50.25923584727372,50.47175085835376,50.80669273097842,50.89961950457547,,50.85401524346293,50.868066494085205,50.79848207599158,50.74400063322904,50.87000127288089,50.70377011651691,50.73999943384382,50.75036289732725,0.6876031717246249,10.6
Samoa,,,,,,,,48.09459311051726,,47.64992490017218,48.09105830300435,48.11834400575283,47.96593514575827,47.844425126372386,47.96471531676023,47.884640227360805,47.801153493249444,47.95482396581989,,47.513737652968345,48.11635515532377,48.5833891493637,48.5051391074358,,48.3701199285532,,
Saudi Arabia,,,,,,,,,48.05797613046457,,,,,,,49.0280552323667,,48.760211317197296,48.66417532362185,48.64082343468675,49.07939197835876,49.17608612531664,49.43160570841721,48.6766659909747,48.55840772067412,,
Senegal,41.76930116777098,,,,,42.885787466927894,43.89975115940986,44.534845479168546,45.16126518405954,44.774554791043116,45.99760587589554,46.54964426788857,47.07559471748361,47.519643102712855,48.26421859643363,48.63896942381158,49.20459542954561,49.62294345805628,50.18287675422958,50.60677665596626,50.90681041435227,51.08692062237555,51.43805049187462,,51.56684368212635,9.797542514355364,17.7
Serbia,,,,,,,,,,,,,,,48.597957683592824,48.72904439034449,48.69189860294259,48.72807370994171,48.82205773245682,48.6294020786487,48.63770081331822,48.624129689286086,48.54649053396129,48.62732307179836,48.750149251634745,,
Seychelles,,,,,,,49.443657697754404,49.11254745049759,,49.32031013996576,49.31670822942643,49.00838274381517,48.830925906681905,48.64408568112272,48.787334381315965,48.348544111255976,,49.266696750902526,49.4967978042086,,49.746251441753174,50.13225991949396,49.81036662452592,49.401059663671965,49.26236949614162,,
Sierra Leone,40.929868695545466,,,,,,,,,,48.37926012891864,41.5624526436566,,,,,,,,,,48.79845425252176,49.82772291616594,50.087551122777754,,,
Singapore,47.40357923793868,47.36789531515333,47.45943434666545,47.32539555086528,47.5943559660211,,47.57702063277808,,,,,,,,,,,48.119401795410845,48.18487574406748,48.262062036238724,,,,,,,
Slovenia,,,,48.81512049865474,49.011946729338035,48.91959602286072,48.83291651780398,48.61125159306536,48.60873377030017,48.474916972557246,49.21243523316062,48.54956706950039,48.47188477232304,48.512372968938394,48.57718135181159,48.35974065009232,48.37146471685571,48.346747273941105,48.38622489398388,48.37727815954586,48.39403834098968,48.531034353786026,48.558329088130414,48.58448241132414,48.55617655488679,,
Solomon Islands,44.34430018067986,,,,,,,,,46.26827082184225,46.06024684471097,,46.499699157641395,,,46.75687914546762,47.073119319520394,47.072039600153786,,,47.62054540307615,47.665857687679726,47.89691123253406,48.16498701712148,47.72849844578892,3.384198265109063,9.0
South Africa,49.61131520760807,49.564557440262654,,,49.006080205525244,49.350285497884045,,49.17367368264289,,49.09613733505343,48.571365632020836,48.876637824808135,48.92058751671639,48.83876208155946,48.73135144386015,48.73821664489014,48.716629656262135,48.84431047153971,48.84030775783153,48.745135722802836,48.63908041264353,48.56057522373197,48.50688459189416,48.481189221343776,48.56082187207747,-1.0504933355306036,49.0
Spain,48.22672743287959,48.46046636461588,48.302866865227664,48.19340420695469,48.16825328479323,48.237395926272036,48.154187916970244,48.29751719947768,48.309778188525705,48.30912575177099,48.36174874359989,48.351011874087646,48.34768245953819,48.33094149102266,48.36034887506091,48.291422240626694,48.28056876585486,48.335424690218986,48.38337877378577,48.416849286794196,48.45300734402087,48.46047959020653,48.426782229821654,48.814065605142424,48.82143168370473,0.5947042508251386,76.17712643555048
Sri Lanka,48.215431366040995,,,,48.24898813819979,48.23775616586616,48.34096953761915,,,,,48.78788221650213,48.89208531567703,49.04999658272152,50.790786748958276,49.07187706810001,49.01862122408816,49.01305302053444,49.078967531552074,49.11044907376529,49.08763683994593,48.79447989743442,49.23844425407374,49.2069922741866,49.183382813352516,0.9679514473115205,25.8
Suriname,51.03117115650688,,,,,,,,,,,48.94529081601184,48.66532339940334,,,48.32053962488745,48.33562710787798,47.87142417717625,48.25441066605367,48.20187410304753,,48.29902522135016,,48.16597032127935,48.587113796918885,-2.444057359587994,40.08
Sweden,48.74857399661216,48.76054492106114,48.7570245274331,49.01757543312109,49.01445739268731,49.005853040225674,49.01214311127257,49.02827852830025,,49.42557809149861,49.32616223156712,49.32642262924811,49.38951912381932,49.363391870825204,48.62527831744258,48.668789799243996,48.6673781640496,48.64087037529944,48.56616603332159,48.56805530365389,48.558782177014805,48.59028567674931,48.61604363310338,50.09053574252944,50.02324463392343,1.2746706373112744,91.93580793353857
Switzerland,49.101535041529104,49.086486834226555,49.11030137952184,48.546826241454575,48.60142205527234,48.58262686631804,48.62439102007148,,48.60475837938865,48.567814051849474,48.615826974656926,48.61476836561635,48.616483633252116,48.63091581602645,48.53878652563842,48.557481372395664,48.536522156207454,48.5158691004769,48.482534003981144,48.469770841050384,48.44428922981962,48.399379610861736,48.48262339026943,48.5252435875437,48.631909168688495,-0.4696258728406093,86.40428577662296
Tajikistan,,,,,,,,,,47.94830118816873,47.442299437339116,47.39685340391119,48.076085908534466,48.02785892104241,47.98441189679401,48.171490077595884,47.95130106120076,48.15098455405493,48.098005480702696,48.11697678823821,48.13675614654957,48.02760072860181,48.185922389447455,48.17770291609643,48.36215915112156,,
Thailand,,48.559672615689266,48.601311580317464,48.5070562086246,,,,,,48.26153519377819,48.287386567359164,48.39119187929573,48.34699376859597,,48.38610577854517,48.14422351900499,48.40893626983225,48.3608520420579,48.35827123567423,48.41483528862801,48.363568886639264,48.36026899581741,48.34391916621782,48.36158978892428,49.019759564722655,,
Timor-Leste,,,,,,,,,,,,,,,,46.89385851548014,,,47.46776004957013,47.564294025488564,47.884435755403494,47.85815579379091,47.91664966250133,48.14931996381794,48.6570916057548,,
Togo,39.28532576405474,39.51422185537945,39.974530609242535,,40.00024128144576,40.49691853301965,40.89102211184222,41.49753249865631,42.184339851263275,43.07579731749916,43.82005401571068,44.28289826611491,44.89378374562931,45.24251253508748,45.62185356898439,45.94278960617313,46.25192038575036,46.39654586797205,46.7313895005742,45.998582759960684,47.363430544210445,47.56901435757138,47.92226151509348,48.234368671921246,48.40200451738173,9.116678753326987,5.7
Tonga,47.90582253964411,,,,,46.81719913523901,46.449546182594766,46.119654012493996,,46.4338914377644,46.64310954063604,47.208360241883405,47.138263665594856,46.92303392767313,46.923391573657455,47.29920150305308,47.122365857977684,47.028179019654274,46.715065698686026,47.34732938572881,47.15099715099715,47.331650325838076,47.56125885495297,47.86389194829285,47.66863628385889,-0.23718625578522534,40.0
Trinidad and Tobago,49.790373530637105,,,,,49.237617149178654,49.17634408602151,49.171408053913716,,49.124875148080186,49.06249258301094,48.84595085153766,49.087515113804294,48.60744774383845,48.51106595879487,48.61028657779697,,48.51583974447567,48.456601466992666,48.37679698122432,48.45984012181195,,,,,,
Tunisia,45.47623389143194,,,,46.62185732313055,46.860521852743936,47.10816488518024,47.27675482247077,47.357298302509534,47.37647133835654,47.43467051446638,47.60121522318881,47.62160869634089,47.67399250190271,47.704516720438114,47.73254434472317,47.74068373627265,47.74377772912609,47.81980712917714,47.98828147864872,48.00890002902605,48.05772542000253,48.20320807589013,48.0612551032596,48.14546189015993,2.6692279987279903,46.16
Turkey,47.09725334812677,,,47.16663250207783,47.38229112846434,47.40454405435397,,47.16734543109628,,46.97140355548818,46.96787151654427,47.21180195717423,47.40866340869538,47.527489991127894,47.7501060757532,47.859571310812015,48.07867409365412,48.27229737355402,48.39254187595088,48.5751579887639,48.67974468121021,48.77150110492343,48.64079891140109,48.82416771095709,,,
Turkmenistan,,,,,,,,,,,,,,,,,,,,,,,,,48.90688011050955,,
Tuvalu,49.16334661354582,,,,,,,,,,48.12129202373105,,,,,,,,,,,,,,,,
Uganda,44.37246963562753,,,,,45.60200214731604,46.30358994546745,46.59304573302028,,47.49105433174534,48.23071703013853,48.87584488783808,49.40090313595597,49.267264519709265,49.39975264636401,49.57601034015104,49.84838507596906,49.86266198158629,49.93507642348128,49.98621316994172,50.096433903848855,50.115637136604946,,50.12225545834803,,,
Ukraine,,,,48.79373029171165,48.85941455146118,,,,48.603362463971465,48.59228997980999,48.627771505157796,48.730528705089895,48.689184865308476,48.72497592465642,48.598177804049634,48.647874945714044,48.6494469657961,48.68237160367437,48.78503271139109,48.74606953391869,48.79522061544574,48.8723266530041,48.93491594830034,48.95547565848457,49.01841510240174,,
United Arab Emirates,48.23784867212294,,,,,47.86047184610933,48.11454895963882,48.04920060575934,48.14907882262909,48.029103169849826,47.85534370149079,47.978219291484685,48.05560221736939,48.27998550549583,48.34251105647245,48.49452259643008,48.54753957500248,48.5139103065126,,48.15677896466721,48.58966036719047,48.636835882921936,48.60734526134768,48.73609116179785,48.8881730506423,0.6503243785193646,90.4
Uruguay,48.72263405847305,,,,48.58607412493452,48.5734048071935,48.6340078651978,48.62129451455018,,48.58743495215043,48.524529284934346,48.4145768264837,48.40019952968004,48.36641371780102,48.31829166723556,48.36158408474131,48.30508938443518,48.29219978911582,48.22123543387261,48.13918340307034,48.15946882723723,,,48.265711307495025,,,
Uzbekistan,49.20236077835563,,,,,48.40702846507324,48.44638985377475,49.133932107196294,,49.13419138534048,49.045736029820674,48.91169204499351,48.68276287784522,48.95696646138886,48.70204497934622,48.64689094148262,48.634875159791164,48.51925980774143,48.60081774059692,48.571637587329455,48.45300828749184,48.345642586113435,,,,,
Vanuatu,47.0679579910915,,,,,,,47.50370113711532,,47.627646870357964,47.58367438470595,47.86470040019736,48.01974913263945,48.05016756372499,47.76950718685831,47.6927069815728,47.79007015650297,47.36229737948542,47.68482590925552,47.23698467571333,47.34426543003299,,,47.269188112537066,,,
Zimbabwe,49.747780916210154,,,,,49.25204672049395,49.23828821260483,,,49.131353891338655,49.12273857231509,49.20608995753504,49.38101490048974,49.478740576256314,,,,,,,,,49.55658288864112,49.50317044954034,,,
